user_id,name,email,interests
1,Amanda Mcfarland,lrice@example.org,Education
2,Jose Chavez,hannahmartinez@example.com,Health
3,Laura Boone,pskinner@example.com,Education
4,Sharon Pacheco,faulknermichelle@example.com,Technology
5,David Wade,kpeterson@example.net,Education
6,John Frank,yatespaul@example.com,Education
7,Nicole Garcia,norrislori@example.org,Health
8,Mr. Jeffrey Marks,wilsonpatricia@example.org,Technology
9,Amanda Mathis,kelly46@example.org,Technology
10,Kevin Frazier,shane00@example.net,Community
11,Allison Olson,brentsimon@example.com,Technology
12,Lori Burgess,greyes@example.com,Community
13,Terry Bush,fishervincent@example.com,Technology
14,Kaitlyn Jones,julie87@example.com,Community
15,Matthew Jackson,megantodd@example.net,Community
16,Marcus Cruz,timothyadams@example.com,Community
17,Emily Robinson,jacksonnicholas@example.net,Health
18,Alicia Delgado,penningtonsamantha@example.com,Health
19,Aaron Richardson,freyvanessa@example.org,Community
20,Elizabeth Williams,stevencurtis@example.org,Community
21,Sheila Mills,mcox@example.com,Health
22,Adam Martin,lisahale@example.com,Education
23,Brent Taylor,villarrealcarl@example.org,Education
24,Lucas Fisher,jessica35@example.net,Community
25,Daniel Riley,qstewart@example.net,Health
26,Allison Williams,davidhoward@example.net,Education
27,Sean Stout,williamsheather@example.org,Technology
28,John Porter,christina87@example.org,Community
29,Gina Allen,kempjulie@example.com,Education
30,Cheryl Le,hfoster@example.net,Environment
31,Ashley Richard,nicholaswalton@example.org,Health
32,Brent Boyd,sawyermark@example.net,Health
33,David Marshall,rray@example.org,Community
34,Teresa Knox,kristenanderson@example.com,Education
35,John Cooley DDS,scott48@example.com,Community
36,Brett Robinson,careykenneth@example.com,Education
37,Julie Scott,kirsten47@example.org,Education
38,Jessica Anderson,mpatterson@example.org,Education
39,Joshua Sanchez,nho@example.org,Education
40,Dr. Jeremiah Foster,rpatterson@example.org,Environment
41,Raymond Coleman,kayla44@example.com,Community
42,Terry Jones,hbrooks@example.com,Health
43,Dr. Devin Sellers,xmcdonald@example.org,Education
44,Duane Clark,davismarc@example.com,Technology
45,Sydney Henderson,kelly92@example.net,Community
46,Bill Byrd,david34@example.net,Community
47,Mr. Matthew Weeks DVM,phood@example.org,Community
48,Anthony Campbell,davidbailey@example.com,Environment
49,Chad Clark,heather76@example.net,Environment
50,Brian Grant,ashleymora@example.net,Education
51,Julian Adams,howeleslie@example.org,Education
52,Denise Jacobs,calvinlowery@example.org,Technology
53,Aaron Washington,ojackson@example.com,Health
54,Kayla Palmer,raymond20@example.net,Technology
55,Sheila Clark,lancesteele@example.org,Community
56,Natasha Moody,wyattanna@example.org,Education
57,Ryan Meadows,brittany93@example.net,Technology
58,Erika Hernandez,david89@example.net,Environment
59,Lisa Barrett,cody83@example.com,Environment
60,William Griffin,bishopcristian@example.net,Environment
61,Mackenzie Crosby,kimberlyhudson@example.net,Education
62,Kathryn Jackson,lisahoover@example.net,Technology
63,Annette Roy,cannonheidi@example.com,Technology
64,Jason Garcia,datkinson@example.net,Health
65,Erin Santana,william98@example.org,Education
66,Eric Harrison,tracynewman@example.com,Education
67,Alexis Rodriguez,william04@example.net,Community
68,Amanda Miller,meagankline@example.com,Education
69,David Garcia,adamsbrian@example.com,Health
70,Francisco Reyes,stephen95@example.org,Community
71,Joe Ward,meyerscarmen@example.com,Community
72,Ryan Lee,wthompson@example.net,Education
73,Roberto Davis,nashdavid@example.org,Health
74,Alyssa Suarez,coliver@example.com,Technology
75,Mary Davis,larry28@example.net,Technology
76,David Tucker,xlee@example.com,Community
77,Kimberly Lee,xfreeman@example.net,Community
78,Joe Murphy,wdeleon@example.net,Environment
79,Kathleen Lowe,jessicaherring@example.net,Community
80,Ashley Snyder,carol09@example.com,Community
81,Carrie Jones,smithstacey@example.net,Technology
82,Richard Martinez,williamroth@example.net,Environment
83,Abigail Evans,amberdavis@example.net,Education
84,Courtney Carter,rrogers@example.com,Education
85,Kimberly Arnold,davidthornton@example.com,Health
86,Cynthia Collins,tranjoshua@example.net,Health
87,Kevin Smith,telliott@example.com,Environment
88,Kathleen King,bryan23@example.org,Health
89,Luis Osborne,kramergreg@example.com,Environment
90,Samantha Johnson,lisawalker@example.com,Technology
91,Tamara Crosby,kirkacosta@example.org,Community
92,Gina Russell,gjoyce@example.net,Health
93,Matthew Torres,smithdavid@example.org,Education
94,Jennifer Turner,davidscott@example.com,Community
95,Elizabeth Turner,lgibson@example.org,Technology
96,Sophia Aguilar,frankroth@example.org,Health
97,Stephanie Hines,jeanette83@example.com,Health
98,Timothy Velasquez,dixondonna@example.org,Community
99,Dawn Perkins,william61@example.org,Technology
100,Joseph Taylor,lfernandez@example.org,Community
101,Joel Benton,jcollier@example.com,Education
102,Andrew Mcintosh,xmiller@example.com,Environment
103,Michael Ritter,katrina49@example.com,Technology
104,William Keller,vblackwell@example.com,Technology
105,Jessica Robertson,tiffany74@example.org,Community
106,Evan Pugh,virginia52@example.org,Health
107,Allen Miranda,christian40@example.com,Technology
108,Cameron Morrow,frankzimmerman@example.org,Education
109,Tiffany Jensen,brianvasquez@example.com,Community
110,Larry Berry,nicolemartinez@example.org,Community
111,Alyssa Robertson,taylorrobert@example.org,Technology
112,Michael Williams,diana98@example.com,Community
113,Lawrence Jordan,vhicks@example.com,Community
114,Justin Kaiser,ndouglas@example.net,Education
115,George Jimenez,seancollins@example.net,Environment
116,Jesse Dennis,carmen95@example.org,Environment
117,Jennifer Jensen,davidbrown@example.com,Health
118,Robert Martin,scotttina@example.net,Technology
119,Katelyn Cunningham,lisa81@example.org,Environment
120,Matthew Franklin,garymoses@example.org,Health
121,Kyle Harris,hornestacey@example.com,Environment
122,Jared Eaton,kevin40@example.com,Environment
123,Richard Peters,mzuniga@example.org,Health
124,Margaret Solis,leahkim@example.net,Community
125,Ryan Aguilar,relliott@example.com,Community
126,Richard Brooks,hburton@example.net,Health
127,Kimberly Williams,garrettryan@example.org,Education
128,Jon Ramos,sheilahicks@example.org,Environment
129,Misty Waters,esmith@example.org,Education
130,Kathryn Johnson,mparks@example.com,Community
131,Emily Morales,pwatson@example.org,Health
132,Rachel Anderson,smithtodd@example.net,Education
133,Jennifer Jones,mullinssteven@example.com,Technology
134,Nancy Foley,warrenjohnson@example.org,Environment
135,Jessica Cooke,paul37@example.org,Education
136,Ashley Snyder,bcollins@example.org,Environment
137,Ashley Brady,richard98@example.net,Technology
138,Andrea Fernandez,francisgordon@example.com,Technology
139,Jennifer Walker,rojasgabriel@example.org,Community
140,Evan Johnson,lucascurtis@example.org,Education
141,Jennifer Green,vreyes@example.com,Environment
142,Ryan Sullivan,snydertina@example.net,Environment
143,Donna Miles,qbarber@example.net,Technology
144,Krista Sims,michelle41@example.net,Community
145,Donna Dawson,derek03@example.org,Education
146,Amber Norris,karenjohnson@example.org,Technology
147,Diana Brown,robinsonmonica@example.org,Environment
148,Julie Simmons,hamptonkristie@example.com,Community
149,Thomas Allen,brandy18@example.com,Technology
150,Mariah Mills,timothymeyer@example.net,Community
151,Andres Ball,tashawhite@example.com,Health
152,Ruben Marshall,rhernandez@example.com,Technology
153,Martin Vaughn,smithrachel@example.org,Technology
154,Brenda Jimenez,lisaclark@example.com,Health
155,George Williams,zthomas@example.net,Education
156,Amanda Bailey PhD,allenscott@example.org,Community
157,Madison Harvey,greerkevin@example.com,Community
158,William Garrett,johnsonfrank@example.com,Community
159,Angela Welch,michael58@example.org,Environment
160,Spencer Cox,patricia52@example.net,Environment
161,Justin Booth,todd77@example.net,Education
162,Patricia Moore,daniel59@example.com,Education
163,Katherine Flynn,austinsmith@example.org,Technology
164,Gary Hernandez,stonerachel@example.net,Community
165,Jasmine Acosta,ygonzalez@example.org,Community
166,Russell Rodriguez,hollandmark@example.net,Health
167,Patricia Bates,uwilliams@example.net,Health
168,Heather Gaines,thomasthomas@example.org,Health
169,Jason Jones,olyons@example.org,Health
170,Tina Mendez,jodythomas@example.net,Environment
171,Christina Cannon,ssoto@example.com,Health
172,Vanessa Miller,davidgay@example.com,Health
173,Daniel Garcia,fernandeztommy@example.com,Technology
174,Emily Nash,kyle87@example.net,Community
175,Jennifer Gross DVM,brandi96@example.org,Technology
176,Amy Huber,melissa58@example.com,Health
177,Jack Briggs,denise45@example.org,Technology
178,Nathaniel Oconnor,aprilmorales@example.net,Technology
179,Charles Wright,smithsean@example.org,Education
180,Beverly David,victoriaponce@example.com,Environment
181,Michelle Ballard,stonejeremiah@example.org,Community
182,Debra Watts,kmiller@example.net,Environment
183,Lisa Wood,josephlee@example.net,Community
184,Abigail Warren,brian19@example.com,Health
185,Tony Mcmahon,williamsshannon@example.org,Community
186,Jasmine Massey,espencer@example.net,Health
187,Tabitha Jones,jamesrodriguez@example.com,Environment
188,Monica Ramirez,smithcourtney@example.com,Health
189,Kevin Rios,zwilson@example.net,Community
190,Valerie White,rodrigueztammy@example.net,Environment
191,Angel Lang,richard92@example.org,Environment
192,Christopher Schneider,christophersanchez@example.com,Community
193,Jaime Hunt,greenyolanda@example.com,Environment
194,Kyle Bass,sharonbrooks@example.org,Education
195,Tony Thomas,tiffanybrown@example.org,Health
196,Roberto Palmer,coreyrichards@example.net,Education
197,Katie Gray,joshua75@example.com,Environment
198,Joseph Roy,nancy26@example.org,Health
199,Martha Solomon,hbernard@example.com,Technology
200,Ashley Valdez,lbishop@example.org,Health
201,Kimberly Santana,rmartin@example.org,Technology
202,Blake Meyer,ncallahan@example.org,Health
203,Julie Nichols,mcleanteresa@example.com,Environment
204,Jessica Garcia,phillipsgregory@example.com,Community
205,Mr. Shawn Lucas,davidsonsarah@example.org,Community
206,Justin Mcbride,firwin@example.org,Environment
207,Dennis Shaw,susan63@example.org,Education
208,Stacey Cherry,zthompson@example.org,Health
209,Christina Jones,desiree14@example.com,Technology
210,Brian Schwartz,lballard@example.org,Health
211,Ms. Amber Edwards,andrew79@example.com,Community
212,Shelly Zimmerman,rachelperez@example.com,Education
213,Jennifer Sims,littleherbert@example.com,Technology
214,Michelle Carr,mark88@example.com,Technology
215,Robert White,brooksashley@example.org,Education
216,Stephanie Riggs,dprince@example.org,Environment
217,Patrick Rogers,jennifermiller@example.net,Community
218,Noah Lang,mullenjasmine@example.org,Education
219,Tyler Bradley,pierceashley@example.com,Health
220,Rebecca Evans,isantos@example.org,Technology
221,Zachary Deleon,mgalloway@example.net,Education
222,Heather Lane,jvelazquez@example.net,Technology
223,Jody Bell,melissafrazier@example.com,Health
224,Ryan Crawford,ayoung@example.org,Health
225,Justin Allen,jenniferleonard@example.com,Environment
226,Kathy Fernandez,meredith52@example.net,Health
227,Steven Moreno,wmartin@example.net,Education
228,Justin Ortiz,daleortiz@example.net,Health
229,Diane Mooney,kelly54@example.net,Environment
230,Brian Holland,warrenkatie@example.org,Community
231,Larry Wright,danielletucker@example.org,Health
232,Jill King,fredcole@example.com,Environment
233,Kelly Cowan,rileychristopher@example.net,Environment
234,Dalton Riley,jessicaedwards@example.org,Health
235,Dominique Browning,deanjones@example.net,Community
236,Gary Hampton,aliciaharper@example.org,Education
237,Samuel Edwards,blewis@example.org,Education
238,Christina Rose,lrodgers@example.org,Environment
239,Ryan Fields,paulcrane@example.com,Community
240,Victoria Cantrell,ayaladana@example.net,Health
241,Garrett Andrews,thomas50@example.com,Health
242,Christopher Schroeder,jenniferhogan@example.com,Community
243,Alvin Smith,deborah05@example.net,Education
244,Lee Nichols,ijensen@example.org,Environment
245,Michael Bates,isaiah91@example.org,Technology
246,Larry Clayton,abarnes@example.org,Health
247,Jeffrey Haynes,kinglauren@example.com,Education
248,Catherine White,kaylahayes@example.com,Environment
249,Destiny Palmer,vanderson@example.net,Health
250,Tanya Jacobson,jacob52@example.net,Community
251,Patricia Camacho,griffithmegan@example.com,Community
252,Ashley Rodriguez,hollandanthony@example.net,Technology
253,Calvin Jones,ttorres@example.net,Education
254,Tyler Garcia,pdavies@example.net,Environment
255,Alejandra Larson,smithandrew@example.com,Health
256,Samantha Melendez,travismarsh@example.net,Environment
257,Brittany Cooper,jason97@example.org,Environment
258,Lisa Brown,lindarandall@example.com,Community
259,Madison Brown,nicole12@example.org,Environment
260,Sarah Wright,cruzlori@example.com,Community
261,John Davis,caldwellchristopher@example.net,Technology
262,Laura Kennedy,kevinnguyen@example.com,Technology
263,Andrew Oliver,jgray@example.com,Technology
264,Lori Price,cmoore@example.com,Education
265,John Davis,masoncrystal@example.com,Education
266,Joshua Hall,william96@example.com,Community
267,Robert Hernandez,gcline@example.com,Technology
268,Whitney Bell,crocha@example.org,Environment
269,Annette Odom,allisonsheila@example.net,Health
270,Alice Martin,kellywolfe@example.com,Community
271,Karen Luna,mayermichael@example.net,Education
272,Jennifer Miller,jordancosta@example.net,Education
273,Karen Fox,danielle31@example.net,Education
274,Mrs. Kimberly Barnett MD,chadprice@example.net,Health
275,Michael Wade,awalters@example.net,Health
276,Zachary Garza,jamiehenry@example.org,Health
277,Tonya Gonzalez,urich@example.com,Technology
278,Christine Hale,anthonywilliams@example.com,Community
279,Kevin Wilkins,inewman@example.com,Community
280,John Solis,sandersfrank@example.com,Community
281,Natalie White,zking@example.org,Technology
282,Mark Anthony,james09@example.org,Health
283,Kelly Thompson,thomasnorman@example.net,Community
284,Nicole Melendez,danielsanthony@example.org,Technology
285,Heather Rodriguez,johnsonrebecca@example.org,Technology
286,Anna Davis DVM,adamwatts@example.net,Health
287,Kevin Holmes,jessicamartinez@example.com,Environment
288,Daniel Allen,spratt@example.com,Community
289,Andrea Camacho,jonathandavis@example.net,Environment
290,Cody Davidson,danarice@example.org,Technology
291,Evan James,kerrricardo@example.org,Technology
292,Cindy Miller,andrewtate@example.com,Community
293,Melody Lamb,arianagraham@example.com,Health
294,Sara Patterson,rbrown@example.org,Technology
295,Glenn Ward,justin68@example.org,Environment
296,Maxwell Austin,roy93@example.net,Health
297,Alexis Sutton,xcabrera@example.com,Environment
298,Christopher Williams,robert38@example.com,Health
299,Joshua Hansen,turnerkathleen@example.net,Environment
300,Lori Williams,valeriemartinez@example.org,Environment
301,Crystal Rocha,mitchellrobert@example.org,Environment
302,Lauren Williams,kjohnson@example.org,Health
303,Thomas Cochran,barnold@example.net,Community
304,John Lopez,gpotts@example.org,Education
305,Lori Williams,emilyglover@example.net,Technology
306,Christopher Solis,johnsonrichard@example.com,Technology
307,Deborah Peters,thompsonjohn@example.org,Education
308,Julie Andrews,lcunningham@example.org,Community
309,Haley Parker,sabrinaevans@example.net,Health
310,Lisa Parker,margaretlang@example.org,Education
311,John Atkins,burkeian@example.org,Technology
312,Christine Short,shawnwatson@example.net,Community
313,Ashley Wilcox,waynebrown@example.org,Health
314,Jennifer Jones,isantiago@example.net,Health
315,Steven Henry,kennedyangela@example.org,Community
316,Ian Martin,henryclayton@example.org,Technology
317,Kelly Smith,vanessa47@example.com,Community
318,Brenda Jimenez,jose32@example.org,Education
319,Austin Williams,chelseycox@example.net,Environment
320,Cynthia Lee,jasonhendricks@example.net,Education
321,Chris Murray,valdezstephen@example.com,Environment
322,Calvin Williams,pross@example.com,Education
323,Dr. Daniel Liu,zlee@example.net,Health
324,Randy Boyle,nguyenrichard@example.org,Technology
325,Jonathan Gonzalez,wellsmeredith@example.net,Education
326,Logan Garcia,veronicagutierrez@example.com,Education
327,Alan Lam,elizabethwhite@example.net,Health
328,Alex Arnold,robinsondrew@example.org,Environment
329,Tracy Garcia,nelsonsteven@example.org,Community
330,Brandon Taylor,reynoldsabigail@example.net,Education
331,Linda Holloway,patriciadavis@example.org,Environment
332,Lisa Wood,christine00@example.com,Health
333,Victoria Glover,yoneill@example.net,Health
334,Chelsea Frazier,cynthiahart@example.com,Environment
335,Brittany Johnson,melissa46@example.org,Technology
336,Peter Phillips,becklori@example.com,Community
337,Alex Randolph,cathy68@example.net,Community
338,Charlotte Williams,campbellelizabeth@example.net,Environment
339,Jim Cordova,gford@example.org,Education
340,Dwayne Manning,michael33@example.org,Environment
341,Wendy Mack,benjamin35@example.net,Technology
342,Sara Ortiz,pricewayne@example.org,Community
343,Jeff Reed,trobertson@example.org,Community
344,Benjamin Wiley,alexandriacole@example.org,Community
345,Matthew Smith,klopez@example.com,Environment
346,David Pena,mollyparker@example.com,Health
347,Krista Joseph,pamela85@example.org,Health
348,Kaitlyn Sherman,kimberlyjohnson@example.com,Health
349,Ana Vasquez,parellano@example.org,Environment
350,Matthew Ballard,adamkaiser@example.net,Technology
351,Denise Hartman DDS,kimberly78@example.org,Health
352,Rebecca Williams,scook@example.net,Environment
353,Jennifer Lopez,millerdavid@example.net,Environment
354,Tyler Ramirez,carly41@example.org,Environment
355,Juan Chase,snyderdarren@example.net,Environment
356,Jeffery Gould,michaelwhite@example.com,Technology
357,Jerry Nguyen,qjohnson@example.net,Education
358,Tracy Miles,robert63@example.net,Community
359,Debra Norris,whitneytamara@example.org,Community
360,Amy Harvey,erin46@example.com,Community
361,Leah Martinez,ugray@example.com,Environment
362,Amy Williams,yolandafrazier@example.com,Community
363,Patricia Sawyer,zkent@example.com,Technology
364,Deborah Lewis,carterkimberly@example.org,Environment
365,Chelsey Warren,deanjennifer@example.org,Environment
366,Katherine Davis,huntermarissa@example.net,Community
367,James Tyler,matthewelliott@example.net,Education
368,Elizabeth Powers,crodriguez@example.net,Environment
369,Margaret Taylor,jarvisrebecca@example.org,Education
370,Mr. Andrew Jones MD,jwilliams@example.net,Health
371,Anthony Lambert,mking@example.org,Education
372,Anthony Henson,andrewmitchell@example.com,Community
373,Sarah Stone,ylee@example.net,Technology
374,Joseph Taylor,lisa78@example.net,Community
375,Amber Allen,patriciabell@example.org,Environment
376,Darryl Gardner,keith24@example.com,Technology
377,Edward Wheeler,cherylstephens@example.com,Health
378,Adam Fritz,alexis10@example.org,Health
379,Carla Gonzalez,wallacemichael@example.org,Community
380,Tony Davis,gyates@example.com,Education
381,Kathy Clarke,salazarjill@example.org,Community
382,Mrs. Stephanie Price,martin05@example.net,Community
383,Heather Joseph,rebeccawalker@example.net,Education
384,Elizabeth Coleman,jessicalawson@example.net,Health
385,Jesus Perry,msantos@example.net,Education
386,Duane Jenkins,laura45@example.com,Health
387,Alexandria Hall,philipsmith@example.net,Health
388,Steven Whitehead,lindseygreer@example.net,Health
389,Mary Noble,simpsonchristine@example.org,Environment
390,Bryan Johnson,sanchezwendy@example.com,Technology
391,Laura Thomas,johntorres@example.org,Community
392,Christopher Hunter,vjames@example.net,Environment
393,Jack Harris,uschneider@example.org,Environment
394,Charles Sosa,austinflowers@example.com,Education
395,Anthony Smith,aoliver@example.org,Education
396,Lisa Williams,joshua13@example.org,Health
397,Madison Henry,zwood@example.org,Education
398,Timothy Wolfe,owalton@example.org,Technology
399,Kevin Morales,amber34@example.org,Community
400,Jennifer Mueller,victoriayoung@example.org,Community
401,Joseph Cannon,sford@example.net,Environment
402,Shelby Owens,phall@example.net,Community
403,Rachel Robbins,bethanyhubbard@example.org,Health
404,Michael Smith,gsmith@example.com,Health
405,Carol Martinez,justinbrown@example.net,Health
406,Nathan Robinson,vickiewise@example.org,Environment
407,Eduardo Thomas,kimberlymontoya@example.com,Health
408,Nicole Cooper,aprilmorales@example.com,Environment
409,Matthew Jones,tonya91@example.com,Education
410,Kathleen Brown,batesanthony@example.com,Environment
411,Autumn Gutierrez,anthony76@example.net,Health
412,Melanie Flores,nicholas53@example.com,Health
413,Steven Bryant,morrisonalyssa@example.com,Technology
414,Cheryl Olson,tonyachaney@example.net,Environment
415,Lindsay Wells,nicholsaustin@example.net,Community
416,Andrew Solomon,edwardsdeborah@example.org,Environment
417,Anthony King,mreyes@example.com,Technology
418,Daryl Johnson,joseph71@example.com,Health
419,Nathaniel Gutierrez,hollandgina@example.com,Community
420,Denise Martin,xserrano@example.com,Environment
421,David Combs,robert75@example.org,Health
422,Timothy Arnold,matthewsmatthew@example.org,Technology
423,Arthur Anderson,robinsongeorge@example.com,Community
424,Sean Mckenzie,catherine08@example.org,Environment
425,Phillip Sims,iedwards@example.net,Environment
426,Thomas Ball,robin64@example.org,Health
427,Krystal Garcia,paul91@example.com,Technology
428,Wesley Phillips,kevin37@example.net,Environment
429,Sharon Watson,hartmonica@example.net,Education
430,Kelly Jenkins,hendricksadam@example.org,Health
431,Ashley Alexander,jacksoncurtis@example.org,Environment
432,Keith Bennett,floresjordan@example.com,Technology
433,Mr. John Lopez,anash@example.org,Education
434,Cody Gonzalez,michael26@example.net,Community
435,Cassandra Russell,ipreston@example.net,Education
436,Scott Potts,kristen25@example.org,Education
437,Sabrina Juarez,kwilliams@example.net,Education
438,Allison Martinez,vblevins@example.org,Health
439,Mason Lyons,shelbytate@example.org,Education
440,David Morris,michaelallen@example.net,Environment
441,Angela Taylor,david18@example.com,Environment
442,Carla Salas,vreynolds@example.com,Environment
443,John Smith,john55@example.net,Technology
444,James Hall,flee@example.org,Community
445,Brooke Lam,rasmussendaniel@example.org,Community
446,Madison Castillo,ipeters@example.com,Community
447,Brent Young,moodyjames@example.com,Education
448,Shannon Boyd,benderrobert@example.net,Health
449,Shelly Johnson,bfrank@example.net,Community
450,Emily Gonzalez,stokesjorge@example.com,Technology
451,Austin Bradford,jennifer33@example.com,Education
452,Charles Hernandez,shawn19@example.com,Community
453,John Peters,dunnbrittany@example.com,Education
454,Jonathan Parker,williamsleslie@example.net,Technology
455,Mitchell Anderson,sthomas@example.org,Technology
456,Nathan Murray,robert61@example.net,Technology
457,Karen Levy,hconner@example.net,Health
458,Blake Sanchez,coxphilip@example.org,Health
459,Jacob Johnson,esawyer@example.net,Technology
460,Rodney Williams,melissa70@example.com,Community
461,James Williamson,barbarawelch@example.net,Education
462,Teresa Brown,bobby83@example.org,Education
463,Bradley Wells,xwalker@example.net,Education
464,Randall Perez,dhendricks@example.com,Environment
465,Sandra Duran,antoniothomas@example.com,Technology
466,Leslie White,daniellerogers@example.net,Education
467,Anthony Walker,nhouse@example.net,Education
468,William Thompson MD,nelsontraci@example.org,Environment
469,Charles Garcia,thompsonkimberly@example.org,Health
470,James Fuller,james96@example.com,Technology
471,Jesse Hensley,bthompson@example.org,Environment
472,Yesenia Dickerson,carrollmaria@example.com,Health
473,Jason King,gcochran@example.com,Education
474,Amanda Bates,joshua41@example.org,Technology
475,Mary Young,rrobertson@example.org,Technology
476,Rebecca Dickerson,moralesjesus@example.com,Education
477,Stacey Hall,joseph54@example.org,Education
478,Kenneth Smith,thomas14@example.net,Education
479,Patrick Estrada,paynetrevor@example.org,Community
480,Beverly Knapp,evanshector@example.org,Community
481,Sherri Cunningham,afrazier@example.org,Community
482,Betty Davis,elizabethdavenport@example.net,Education
483,Sean Nelson,davidreynolds@example.org,Education
484,Lucas Lopez,wesley96@example.org,Health
485,Matthew Stone,jmartin@example.com,Technology
486,Katie Roberts,alison25@example.org,Technology
487,Chase Kane,deborah44@example.org,Education
488,Victoria Gallegos,natalie29@example.com,Health
489,Christina Bush,cookmelvin@example.com,Technology
490,Joseph Cortez,asanchez@example.net,Environment
491,Jonathan Gross,stephen10@example.org,Community
492,Eric Oliver,dawnjohns@example.com,Technology
493,John Cox,amyalvarez@example.com,Education
494,Alicia Williams,sellerspatricia@example.com,Technology
495,Tiffany Patrick,randybennett@example.org,Technology
496,Brian Skinner,bradshawwendy@example.net,Community
497,Joseph Hunt,travistina@example.org,Environment
498,Denise Ramirez,stevenhunter@example.net,Community
499,Eric Wheeler,jennifer88@example.net,Environment
500,Molly Floyd,dakota64@example.org,Education
501,Crystal Baker,rebeccawalsh@example.com,Environment
502,Lori Torres,pamela86@example.com,Environment
503,Amy Lopez,kimberlyrodriguez@example.net,Technology
504,Kelli Allison,egreen@example.com,Health
505,Emma Davis,williamslisa@example.net,Health
506,Anna Walker,tjohnson@example.org,Environment
507,Christine Diaz,justinstafford@example.com,Environment
508,Karen Washington,trodriguez@example.com,Technology
509,Alex Ryan,pandrews@example.org,Technology
510,Erika Ortega,garyreed@example.com,Environment
511,Robin Gonzalez,nhill@example.com,Technology
512,Gina York,theresa90@example.net,Community
513,Malik Jackson,james29@example.net,Technology
514,Bonnie Lloyd,hernandezadam@example.org,Health
515,Alexander Miranda,thomaskarina@example.org,Education
516,James Glover,larrylawrence@example.com,Community
517,Alicia Sanders,randalltroy@example.com,Education
518,Lisa Williams,pjones@example.org,Community
519,Christopher Evans,john06@example.org,Health
520,Amy Miller,lukehart@example.com,Health
521,Erin Patterson,vwebb@example.org,Education
522,Audrey Murphy,melissa95@example.net,Community
523,Ryan Macias,davidfowler@example.com,Health
524,Luis Wilkerson,whitejonathan@example.org,Environment
525,Brent Booth,donna33@example.org,Technology
526,Christie Howard,bvincent@example.org,Environment
527,Amanda Morales,matthew23@example.net,Community
528,Dylan Lambert,curtisgonzalez@example.org,Health
529,Mary Taylor,xmckenzie@example.org,Community
530,Jamie Atkins,carlsonlisa@example.com,Technology
531,Antonio Farrell,jeremiahgreen@example.net,Environment
532,Michael Robinson,chadsantiago@example.org,Community
533,Steven Rodriguez,catherinedixon@example.net,Community
534,Jessica Blake,kguzman@example.org,Community
535,Christopher Coleman,angela45@example.com,Technology
536,Douglas Hunter,kelly75@example.com,Technology
537,Scott Davis,hmcpherson@example.com,Environment
538,Martha Smith,swolfe@example.com,Health
539,Mark Perez,ygiles@example.com,Environment
540,David Cisneros,lcardenas@example.net,Education
541,Ricky Barnes,browncody@example.net,Health
542,Christopher Taylor,bwilliams@example.com,Community
543,Rachael Miller,bmarshall@example.net,Health
544,Anthony Perez,harrisjasmine@example.org,Community
545,Heather Brown,crystalfuller@example.com,Education
546,Grace Smith,christopher26@example.net,Technology
547,Gary Gilbert,jennifer60@example.org,Technology
548,Pamela Burnett,edunlap@example.net,Environment
549,Amber Perry,johnathanlucero@example.com,Education
550,Lori Sosa,cummingsrachel@example.com,Environment
551,Mary Macias,oclark@example.org,Technology
552,Dustin Bailey,hartchristopher@example.com,Community
553,Larry Hughes,jmoore@example.net,Technology
554,Mr. Danny Patel,rfranklin@example.org,Environment
555,Jamie Brooks,jessicalucas@example.net,Environment
556,Andrew Sullivan,sgreene@example.org,Technology
557,Michael Tran,fernandohall@example.com,Health
558,Alfred Johnson,patricknichols@example.com,Environment
559,Charlene Long,edward57@example.com,Environment
560,Devin Hernandez,brookemiller@example.net,Environment
561,Nathan Powell,lfrank@example.org,Environment
562,Edwin Gibson,johnsondon@example.net,Health
563,Denise Combs,brownvictoria@example.net,Health
564,Mckenzie Gillespie,burnslaura@example.net,Health
565,Andres Cohen,diazmichelle@example.net,Environment
566,David Johnson,heather04@example.com,Education
567,Cindy Walters,lisa62@example.net,Education
568,Mark Smith,emilyhopkins@example.net,Community
569,Dennis Chavez,thomasmoreno@example.com,Environment
570,William Hernandez,christopherthompson@example.com,Community
571,Jennifer Nixon,johnsonjessica@example.org,Environment
572,Kimberly Serrano,jessicamathis@example.net,Environment
573,Jeffery Payne,grantchristopher@example.org,Technology
574,Jennifer Henry,daniellemartinez@example.org,Education
575,Heather Reed,hobbswesley@example.net,Technology
576,Michelle Vasquez,francoglenn@example.org,Technology
577,Stephen Blackburn,amber16@example.net,Community
578,Beth Brown,paulahernandez@example.com,Education
579,Joshua Harris,jason04@example.org,Education
580,Erica Barr,eric10@example.net,Community
581,Vanessa Joyce,macdonaldrichard@example.net,Health
582,Timothy Andrews,paynepamela@example.com,Community
583,Stephen Adams,zgibson@example.com,Technology
584,Terri Aguilar,markflores@example.org,Technology
585,David Lewis,justin28@example.org,Health
586,Tracy Hayes,hansenkelsey@example.net,Education
587,John Stewart,gonzaleswilliam@example.net,Technology
588,Edward Roman,danielleturner@example.net,Health
589,Melissa Weeks,steven08@example.net,Health
590,Kimberly Gilbert,larryschwartz@example.net,Community
591,Michael Bean,zharper@example.net,Technology
592,Leslie Lewis,nbaker@example.com,Community
593,Chad Mendez,connie17@example.net,Environment
594,Dr. Tammy Becker,jcurtis@example.net,Technology
595,Benjamin Martin,robert87@example.net,Technology
596,Peter Thomas,wsmith@example.org,Technology
597,Aaron Garrett,michelledavila@example.net,Environment
598,Anthony Short,xyoung@example.net,Community
599,Barbara Perez,maryreyes@example.net,Education
600,Melissa Patterson,andrewsandrew@example.net,Technology
601,Chris Williams,ioliver@example.net,Community
602,James Sparks,jane80@example.org,Technology
603,David Harrison,fmoore@example.org,Environment
604,Matthew Jones,jennifer36@example.net,Environment
605,Sandra Lynch,lindasoto@example.net,Education
606,Dave Fuentes,kaylapowell@example.net,Health
607,Shawn Salinas,tcoleman@example.org,Technology
608,David Jefferson,kathleen33@example.com,Environment
609,Benjamin Rodriguez,leahfields@example.net,Technology
610,Gary Rasmussen,jerryprice@example.com,Environment
611,Stanley Jackson,roger43@example.org,Health
612,John Smith,christina03@example.net,Community
613,Lisa Lyons,jaytaylor@example.org,Education
614,Michael Peters,garciamathew@example.net,Health
615,Jeremy Smith,charles95@example.org,Education
616,Courtney Cook,xbell@example.org,Technology
617,Laura Hardy,paul58@example.com,Community
618,Charles Leonard,alexanderedwin@example.com,Technology
619,Tiffany Smith,donnagonzales@example.com,Health
620,Jose Hart,steven96@example.com,Community
621,Catherine Ross,hpeterson@example.com,Technology
622,Valerie Smith,bowerstaylor@example.org,Health
623,Christopher Davis,kristincampbell@example.com,Technology
624,Angela Herrera,john08@example.net,Technology
625,Charles Robinson,jerrybrown@example.org,Health
626,Wendy Kelley,christopher85@example.com,Community
627,Robert Fletcher,xhurley@example.com,Community
628,Amy Riddle,gabriel95@example.org,Community
629,Joseph Edwards,baxtercody@example.net,Education
630,Jack Miller,alicewilcox@example.org,Community
631,John Graves,keith74@example.org,Community
632,Matthew Tapia,abrowning@example.org,Education
633,Jonathan Conway,hughesrobert@example.com,Community
634,John Turner,kim76@example.com,Community
635,Carrie Cook,clarkechelsea@example.net,Environment
636,Robert Evans,blairmarc@example.net,Technology
637,Kristi Hunter,murphyjimmy@example.net,Community
638,Lisa Dalton,kenneth46@example.net,Education
639,Jason Guerrero,khenderson@example.org,Environment
640,Kathleen Alvarez,flowersjesse@example.org,Education
641,Jennifer Patterson,greenetimothy@example.org,Education
642,Kevin Ramirez,paulapena@example.com,Education
643,Robert Hunt,christopher67@example.com,Education
644,Amy Perez,jellis@example.org,Education
645,Jordan Ortiz,joannadouglas@example.org,Education
646,Bobby Smith,destinysmith@example.net,Health
647,Ashlee Lee,mollyjohnson@example.org,Health
648,Charles Garza,acampos@example.com,Health
649,Jenna Craig,ideleon@example.net,Community
650,Christine Peters,adammiller@example.org,Technology
651,Shannon Alexander,alejandraweiss@example.com,Education
652,Keith Wilson,iwilkins@example.org,Education
653,Caitlyn Kelly,amandasmith@example.org,Community
654,April Rowe,robin75@example.org,Community
655,Jacqueline Nguyen,devin28@example.net,Environment
656,Bryan Guzman,xlee@example.net,Community
657,Cody Weber,psummers@example.org,Health
658,Sarah Dominguez,michael54@example.org,Health
659,Scott Trujillo,xgordon@example.org,Education
660,Jasmine Weaver,billymckinney@example.com,Technology
661,Angela Ramirez,ydunn@example.com,Community
662,Courtney Walker,medinamichael@example.net,Environment
663,Jacqueline Graham,hrobinson@example.net,Technology
664,Taylor Anderson,sbonilla@example.org,Health
665,Elizabeth Hudson,danielrangel@example.net,Technology
666,Timothy Stevenson,jonesalan@example.com,Environment
667,Natasha Ramos,bsmith@example.com,Health
668,Cheyenne Sherman,mayerjustin@example.com,Health
669,Lindsay Walker,wduran@example.org,Community
670,Jennifer Rodriguez,cohendarrell@example.com,Health
671,Guy Smith,darnold@example.net,Health
672,Benjamin Kelley,stevenperez@example.net,Environment
673,Laurie Cohen,jessicapayne@example.org,Health
674,Stephanie Jackson,denise72@example.org,Environment
675,Heather Butler,derrick68@example.org,Community
676,Barbara Sanchez,stacy79@example.com,Health
677,Adam Long MD,ramosbradley@example.org,Environment
678,Ruben Contreras,jorge20@example.com,Environment
679,Trevor Key,christophersolomon@example.org,Environment
680,Robert Lynch,brianpalmer@example.org,Technology
681,Paul Parker,michellepatrick@example.net,Community
682,Lisa Hutchinson,zfrench@example.net,Health
683,Mr. Anthony Barber,nicholascampos@example.com,Environment
684,Dawn Clark,myerslorraine@example.org,Technology
685,Tina Ortiz,joseph26@example.org,Environment
686,Stephen Palmer,gilbertryan@example.net,Environment
687,Kathy Walton,kcarr@example.org,Community
688,Joseph Parker,jameswalker@example.org,Environment
689,Tyler Wolf,joshua47@example.org,Environment
690,Jessica Alexander,wilsonwendy@example.com,Education
691,Emily Williams,yosborne@example.net,Health
692,Matthew Lewis,michaelfields@example.org,Technology
693,Robert Murray,owenseddie@example.net,Environment
694,Patricia Bowman,kfitzgerald@example.net,Environment
695,Seth Walters,rachel26@example.com,Environment
696,Jason Long,davidsonsusan@example.org,Education
697,Michele Campbell,jenniferadams@example.net,Environment
698,Charles Lara,aford@example.org,Technology
699,Nicole Anderson,vharris@example.net,Technology
700,Ashley Lynn,moorejulie@example.org,Environment
701,James Johnson,qjohnson@example.net,Education
702,Ms. Jennifer Bennett,abrown@example.net,Technology
703,Michael Gonzales,chandleramy@example.org,Environment
704,Raymond Thomas,esanders@example.net,Environment
705,Virginia Austin,barnesvictoria@example.net,Environment
706,Ernest Hill,gsoto@example.org,Education
707,Angela Williams,stewartmichael@example.org,Community
708,Sierra Raymond,gklein@example.org,Technology
709,Denise Perez,jdixon@example.org,Technology
710,Michael Jackson,kathy60@example.com,Education
711,Breanna Martinez,monica68@example.com,Community
712,Jeffrey Smith,caitlin09@example.com,Community
713,James Bradley,dbutler@example.com,Environment
714,Mark Burke,jasmine07@example.org,Community
715,Emily Miller,kristinpittman@example.net,Education
716,Erik Rice,kenneth05@example.org,Education
717,Daniel Rodriguez,gsullivan@example.org,Environment
718,Jesus Smith,ucantu@example.org,Education
719,Brandi Ayala,littlecynthia@example.net,Environment
720,Joseph Cooley,ericathompson@example.com,Community
721,Hannah Barnes,dianabrown@example.net,Technology
722,Michelle Miller,tjohnson@example.com,Environment
723,Kristen Conway,hendrixjill@example.com,Environment
724,Michael Norton,cmartin@example.org,Environment
725,Erika Holder,kellyamanda@example.net,Community
726,Janice Ray,mcclainkenneth@example.net,Environment
727,Anne Williams,csmith@example.com,Environment
728,Ashlee Freeman,john19@example.com,Environment
729,Julie Kennedy,drakedeborah@example.com,Technology
730,Wendy Kelley,greerlinda@example.com,Education
731,Kyle Walker,stephaniefoster@example.org,Community
732,Bradley Fleming,zharrell@example.net,Education
733,Megan Paul,cheryl59@example.org,Environment
734,David Anderson,pdavis@example.net,Technology
735,John Gross,thomas63@example.com,Technology
736,Duane Burgess,todd84@example.net,Community
737,Jennifer Pierce,robbinsjohn@example.net,Health
738,Mason Butler,logan97@example.org,Education
739,Jennifer Foley,rachelfields@example.org,Community
740,Andrew Riley,lopezronald@example.net,Technology
741,Sarah Barber,kathrynmurphy@example.com,Community
742,Fred Brooks,kendra55@example.com,Education
743,Evelyn Webb,jesse56@example.net,Environment
744,Kevin Gordon,deanmiranda@example.net,Environment
745,Ryan Pratt,lopezgarrett@example.net,Education
746,Patrick Gallegos,julie77@example.net,Technology
747,Kevin Morris,qgibson@example.com,Education
748,Ryan Williams,stephanie55@example.org,Environment
749,Audrey Bond,ogreen@example.com,Technology
750,Kristin Ramos,jamie98@example.net,Community
751,Michael Wallace,dhatfield@example.com,Education
752,Raymond Lopez,nicole37@example.org,Technology
753,James Huff,asolis@example.com,Environment
754,Shirley Hall,rachel16@example.com,Community
755,Vicki Fernandez,lindsaylarson@example.org,Environment
756,Matthew Munoz,erica29@example.net,Health
757,Sherri Smith,abrewer@example.com,Technology
758,David Vance,keith12@example.org,Health
759,Ruth Anderson,justin52@example.com,Technology
760,Mrs. Catherine Liu DDS,amanda07@example.com,Education
761,Jennifer Conway,dsmith@example.net,Technology
762,Kimberly Mcneil,kelly01@example.net,Education
763,Cory Schneider,stephencarpenter@example.net,Health
764,Christopher Guerrero,deanna17@example.net,Health
765,Krystal Jensen,terri18@example.net,Health
766,Pamela Hudson,karendillon@example.org,Education
767,Charles Love,pricehaley@example.com,Community
768,Joshua Palmer,greeneandrea@example.com,Technology
769,Mark Sims,csmith@example.com,Health
770,Joseph Moore,deannasmith@example.org,Environment
771,Ronald Francis,pblevins@example.com,Health
772,Margaret Fields,collieramber@example.net,Environment
773,John Vargas,shannon88@example.org,Environment
774,Phillip Frederick,bcole@example.org,Technology
775,Hannah Jones,seangraham@example.net,Community
776,Cody Diaz,christophermiller@example.com,Environment
777,Anita Flores,lauren58@example.net,Technology
778,Laura Lozano,fosterpatricia@example.org,Health
779,Christopher Kirk,hensonrebecca@example.org,Education
780,Aaron Perez,batesjennifer@example.net,Education
781,Jonathan Harrison,boothangela@example.org,Technology
782,Jacob Leblanc,tanya29@example.com,Community
783,Megan Jones,ericmunoz@example.org,Technology
784,Gloria Kelly,smithmatthew@example.net,Education
785,Ann Vargas,richardsrichard@example.com,Education
786,Phyllis Carter,michaelgarza@example.org,Health
787,Miss Jenna Rodriguez,fcollins@example.com,Education
788,Kimberly Miller,mark03@example.com,Health
789,Richard Ross,jennifer17@example.com,Environment
790,Jonathan George,robertacosta@example.org,Education
791,Christopher Graham,prattdavid@example.com,Community
792,David Warner,derrick59@example.com,Technology
793,Dennis Hughes,samuel10@example.net,Education
794,Eric Johnson,joanna12@example.org,Environment
795,Walter Herrera,jonjohnson@example.com,Environment
796,Randy Barnett,jerryquinn@example.net,Education
797,Stanley Allen,johnmckinney@example.org,Environment
798,Randy Powell,fbennett@example.net,Education
799,Colin Phillips,hjensen@example.org,Environment
800,Patricia Hood,frederick68@example.com,Environment
801,Patricia Boyer,james55@example.org,Health
802,Bryan Wagner,dking@example.org,Education
803,Shannon Chavez,whoover@example.com,Health
804,Elizabeth Rojas,gbrady@example.org,Technology
805,Miranda Bailey,tross@example.org,Community
806,Robert Moyer,danielolson@example.com,Environment
807,Ashley Aguilar,hnorman@example.com,Technology
808,Emily Banks,owensderek@example.org,Technology
809,Kari Choi,nhoward@example.net,Technology
810,Adam Fuentes,qhobbs@example.net,Community
811,Richard Lamb,rsteele@example.com,Education
812,Denise Fleming,tarabrady@example.org,Environment
813,Amber Bowers,krista39@example.org,Community
814,Carol Sparks,alyssadaniels@example.org,Technology
815,Shawn Ford,fsilva@example.net,Community
816,Mr. Dean Gonzalez,kimraymond@example.org,Community
817,Christian Cox,hlawson@example.com,Environment
818,Andrew Dominguez,icox@example.com,Health
819,Donna Perry,laurenwebb@example.com,Community
820,Taylor Robinson,robert60@example.org,Community
821,Kristine Nelson,cervantesamanda@example.com,Education
822,Carl Walton,ppotter@example.net,Health
823,Dawn Cantu,hortiz@example.com,Health
824,Rick Carlson,patrickmoreno@example.com,Community
825,Ashley Preston,wgentry@example.org,Environment
826,Geoffrey Patterson,uperez@example.com,Health
827,Mikayla Marquez,cmeyers@example.net,Education
828,Michael Long,lovealexander@example.net,Education
829,Teresa Hurley,maureenwilliams@example.org,Education
830,Joe Green,paulmercado@example.net,Education
831,Catherine Duke,patrickgordon@example.net,Community
832,Kelsey Perry,ray52@example.org,Community
833,William Powell,fjones@example.net,Community
834,Benjamin Brown,staylor@example.org,Community
835,Cory Nichols,juliemitchell@example.com,Health
836,Matthew Lee,brianochoa@example.com,Education
837,Tiffany Martin,dean71@example.net,Education
838,Megan Jimenez,simmonsricky@example.com,Community
839,Ruben Mitchell,lisasparks@example.org,Technology
840,Deanna James,angelarose@example.net,Community
841,Elaine Miles,vharris@example.net,Technology
842,Karen Horton,patricia30@example.com,Health
843,Amy Henderson,donna89@example.org,Technology
844,Nathan Martinez,mendozakaitlin@example.net,Health
845,Daniel Bryant,ljackson@example.net,Environment
846,Dan Kim,freemandaniel@example.org,Environment
847,John Sutton,ephillips@example.com,Health
848,Deborah Heath,beltranjason@example.com,Community
849,Matthew Lamb,matthewjohnson@example.com,Community
850,Richard Fox,benjamin37@example.org,Community
851,Ryan Brown,randyallen@example.com,Health
852,Michael Green,dawn40@example.net,Education
853,Tara Schmidt,glennmiller@example.org,Technology
854,Melissa Rodriguez,rickyharrell@example.com,Education
855,Michelle Williamson,summerscrystal@example.net,Community
856,Steve Gilbert,jameshart@example.com,Health
857,Julia Allen,georgelee@example.net,Environment
858,Claire Garner,qhurst@example.com,Environment
859,Frank Carter,jennifer74@example.com,Environment
860,Anne Brooks,stephenjenkins@example.com,Environment
861,Jennifer Brown,pamela80@example.org,Technology
862,Jennifer Gomez,williamstravis@example.net,Education
863,April Roberts,harringtonadam@example.com,Health
864,Julia Green,stephanie26@example.com,Education
865,Dr. Michelle Berger,acampbell@example.net,Environment
866,Anne Smith,tinagentry@example.org,Environment
867,Brandon Cline,bfrye@example.com,Environment
868,Steven Carlson,scott78@example.net,Community
869,Amanda Chen,hughesrobyn@example.org,Community
870,Raven Li,blackjacqueline@example.net,Environment
871,Thomas Crane,fday@example.net,Technology
872,Joseph Chapman,tanya26@example.org,Environment
873,Cole Cox,wkrause@example.net,Community
874,William Turner,shelby17@example.com,Education
875,Shawn Rodriguez,ssullivan@example.com,Technology
876,Haley Mitchell,arnoldjennifer@example.com,Technology
877,Tyler Garner,douglaschristopher@example.com,Environment
878,Chelsea Matthews,michaelreynolds@example.com,Education
879,Susan Smith,judy21@example.org,Technology
880,Lori Nelson,burgessjulian@example.org,Education
881,Kayla Lopez,nathan51@example.net,Community
882,Bradley Nolan,juliacoleman@example.com,Technology
883,Emily Griffith,eadams@example.com,Environment
884,John Jones,adrianmaxwell@example.com,Environment
885,Shelley Macias,kelly41@example.net,Education
886,Samantha Jones,sjohnson@example.org,Community
887,Sara Boyd,dthomas@example.com,Community
888,Thomas Bishop,katiewalker@example.net,Environment
889,Wendy Campbell,russelldavid@example.org,Community
890,Charles Jordan,hcole@example.net,Health
891,Sheryl Thompson,hutchinsonjade@example.org,Environment
892,Daniel Guzman,suttonjustin@example.net,Education
893,Adam Maddox,rvincent@example.org,Education
894,Harold Thomas,heathercarson@example.com,Community
895,Pamela Smith,whitetara@example.org,Community
896,Angela Mccoy,kbrown@example.net,Community
897,Jeffrey Rivera,iolson@example.org,Technology
898,Juan Collins,robert30@example.net,Health
899,Meghan Harris,kurt86@example.org,Education
900,Jonathan Richmond,louislewis@example.com,Health
901,Sarah Miller,chad06@example.org,Education
902,Heather Hernandez,charlesmarshall@example.net,Environment
903,Deborah Powers,rburke@example.com,Environment
904,Brittany Kent,rayers@example.net,Health
905,Charles Smith,josephcampbell@example.org,Education
906,James Jones,mariemata@example.com,Community
907,Christine Wright,josepholiver@example.net,Education
908,Anthony Hull,aguirrejasmine@example.com,Technology
909,Anthony Peterson,aprilleon@example.net,Community
910,Brenda Blanchard,torreschristopher@example.org,Education
911,Monica Snyder,catherinemeyer@example.net,Community
912,Laura Taylor,seansantiago@example.com,Education
913,Holly Trevino,josephlambert@example.com,Community
914,Kimberly Simmons,virginia56@example.org,Education
915,Patrick Adkins,cindy97@example.net,Education
916,David Glenn,danielcarter@example.com,Education
917,Miguel Nguyen,brownjason@example.net,Health
918,Mrs. Krista Perez,jeffreysmith@example.net,Environment
919,Anthony Roy,jamesjohn@example.net,Community
920,Ashley Bolton,burtonjacob@example.org,Technology
921,Ian Fitzpatrick,burnstina@example.net,Technology
922,David Foster,mbanks@example.com,Health
923,Stephen Montgomery,cwilson@example.com,Community
924,Christopher Edwards,saundersrobert@example.org,Health
925,Zachary Wells,harrisholly@example.com,Community
926,Ricky Foster,aimeesantos@example.org,Community
927,Joshua Williams PhD,williamdonovan@example.net,Environment
928,Kayla Moore,jenna08@example.org,Education
929,William Fisher,chaddaniels@example.org,Technology
930,Mark Clarke,schmidtkeith@example.org,Education
931,Jennifer Schwartz,jonathanphillips@example.net,Environment
932,Travis Phillips,buckleychase@example.com,Health
933,Jordan Gonzalez,pattersoncarrie@example.org,Technology
934,Steven Saunders,rarmstrong@example.com,Education
935,Gregory Tate,leebenton@example.com,Technology
936,Michele Ford,jill17@example.net,Education
937,Heather Arroyo,ashley80@example.net,Education
938,Dylan Gray,srodriguez@example.org,Technology
939,Bruce Foster,theodoreguerra@example.net,Community
940,Allen Mendez,wilsonjessica@example.net,Technology
941,Mindy Molina,brownamy@example.org,Environment
942,Thomas Flynn,gomezdenise@example.com,Education
943,Joseph Evans,corey53@example.org,Health
944,Dr. George Camacho PhD,nathanhunter@example.org,Community
945,Jeff Tyler,sherrybaker@example.org,Education
946,Elizabeth Roberts,ericmorris@example.com,Health
947,Mr. Dennis Martinez,vsharp@example.com,Environment
948,Rodney Johnson,kelly83@example.org,Environment
949,Denise Villarreal,thompsonpaul@example.net,Health
950,Philip Phillips,cartermarvin@example.org,Community
951,Keith Cooper,haleyholt@example.com,Environment
952,Ryan Bell,doylemario@example.org,Education
953,Jeffrey Webster,cindypreston@example.com,Technology
954,Maria Gibbs,williamterry@example.org,Technology
955,Elizabeth Malone,natalie37@example.net,Technology
956,Destiny Davis,kathryn92@example.net,Community
957,Daniel Short,tinasanders@example.org,Environment
958,Mark Chavez,lindseymclean@example.com,Community
959,Stacy Hernandez,halescott@example.com,Education
960,Lindsay Santiago,douglasdunn@example.com,Community
961,Jennifer Keller,klopez@example.com,Education
962,Annette Parker,mcconnellwilliam@example.net,Health
963,Alyssa Hansen,terri62@example.net,Education
964,Ryan Schneider,bsimpson@example.com,Education
965,Jennifer Young,charlesdavis@example.com,Community
966,Valerie Reynolds,wesley34@example.org,Technology
967,Samuel Payne,kenneth67@example.org,Environment
968,Judy Merritt,troy08@example.com,Environment
969,Michelle Tran,corey14@example.net,Community
970,Stephanie Cabrera,amanda26@example.net,Technology
971,Daniel Brown,vargasjose@example.net,Community
972,Garrett Johnson,rachelwashington@example.net,Environment
973,Brittany Escobar,klopez@example.net,Health
974,Margaret Kerr,alvarezbryan@example.com,Community
975,Deborah Pierce,varmstrong@example.com,Technology
976,Jeffrey Vargas,thomasrich@example.net,Environment
977,Howard Cortez,smithkristin@example.net,Environment
978,Miguel Hickman,warrenhicks@example.net,Community
979,Michael Thompson,scunningham@example.org,Community
980,Mason Spencer,lisaali@example.org,Community
981,Karen Harris,jessica94@example.net,Health
982,Jason Ramirez,steinrichard@example.net,Health
983,Christian Johnson,linda58@example.org,Health
984,Tracy Thompson,tiffany14@example.net,Education
985,James Allison,cody85@example.org,Community
986,Laura Farrell,sherry85@example.net,Environment
987,Sarah Larson,amymiranda@example.org,Technology
988,Tonya Reeves,goodmanbilly@example.net,Environment
989,Sara Mathis,rickygeorge@example.org,Technology
990,Matthew Harris,abigailthompson@example.com,Environment
991,Stephen Walker,hawkinskarla@example.org,Health
992,Melvin Perez,angelwalters@example.net,Environment
993,Juan Bentley,ddavis@example.net,Education
994,Larry Walsh,zpatel@example.com,Environment
995,Paul Pham,colekyle@example.net,Technology
996,Matthew Mason,coxkaren@example.org,Health
997,Dawn Hicks,hamiltondon@example.org,Health
998,Logan Robinson,kjordan@example.com,Health
999,Chad Padilla,marcus91@example.net,Community
1000,Julia Smith,bethfaulkner@example.org,Technology
